<?xml version="1.0" encoding="UTF-8"?><emp:TuneDocument xmlns:emp="http://www.tecnomatix.com/empower/schema"><Header><ProcessModelsPrototypes><ProcessModelPrototype ProjectId="PP-ROBOTICS-1-3-2012-15-24-23-0-53384"><ProcessModelID><ExternalID>PP-ROBOTICS-6-3-2012-14-21-33-53384-53723</ExternalID></ProcessModelID><ProcessModelType><Type>Gun</Type><Family>ToolPrototype</Family></ProcessModelType><ProcessModelData><Weight>0.000</Weight></ProcessModelData></ProcessModelPrototype><ProcessModelPrototype ProjectId="82B55DA7-F749-4bd0-B200-8C152D8DC00A"><ProcessModelID><ExternalID>C:\Users\anilm\Documents\Projects\RobotExpert\New Cell\Library Root\Resources\End Effectors\Robacta5000_36_S_type.cojt\Robacta5000_36_S_type_pr</ExternalID></ProcessModelID><ProcessModelType><Type>Welding_Torch</Type><Family>ToolPrototype</Family></ProcessModelType><ProcessModelData><Weight>0.000</Weight></ProcessModelData></ProcessModelPrototype></ProcessModelsPrototypes></Header></emp:TuneDocument>