<?xml version="1.0" encoding="UTF-8"?><emp:TuneDocument xmlns:emp="http://www.tecnomatix.com/empower/schema"><Header><ProcessModelsPrototypes><ProcessModelPrototype ProjectId="82B55DA7-F749-4bd0-B200-8C152D8DC00A"><ProcessModelID><ExternalID>C:\Users\anilm\Documents\Projects\RobotExpert\New Cell\Library Root\Parts\model1.cojt\model1_pr</ExternalID></ProcessModelID><ProcessModelType><Type>PmPartPrototype</Type><Family>PartPrototype</Family></ProcessModelType><ProcessModelData><Weight>0.000</Weight></ProcessModelData></ProcessModelPrototype></ProcessModelsPrototypes></Header></emp:TuneDocument>