<?xml version="1.0" encoding="Windows-1252"?>
<AddFlow Nodes="0" Links="0">
  <Version>2.2.0.0</Version>
  <DefaultLink>
    <Rigid>False</Rigid>
  </DefaultLink>
  <DefaultNode>
    <Shape Type="RectEdgeRaised" Orientation="so_0" />
    <HighlightChildren>False</HighlightChildren>
  </DefaultNode>
  <Node Index="-1" Left="15" Top="15" Width="67" Height="27">
    <FillColor>-1</FillColor>
    <Text>BASE</Text>
    <Tooltip>BASE</Tooltip>
    <Url>{88709D23-9F05-4C3D-A31E-59F635C3569C}</Url>
  </Node>
  <Node Index="-1" Left="227" Top="162" Width="67" Height="27">
    <FillColor>-1</FillColor>
    <Text>PLATE</Text>
    <Tooltip>PLATE</Tooltip>
    <Url>{D92B16ED-E68E-4DD5-B39C-9C58F4006AB0}</Url>
  </Node>
  <Node Index="-1" Left="113" Top="85" Width="67" Height="27">
    <FillColor>-1</FillColor>
    <Text>ARM</Text>
    <Tooltip>ARM</Tooltip>
    <Url>{515E7B59-6DF9-49CB-95DA-2CC83D5E90CF}</Url>
  </Node>
</AddFlow>