<?xml version="1.0" encoding="Windows-1252"?>
<AddFlow Nodes="0" Links="0">
  <Version>2.2.0.0</Version>
  <DefaultLink>
    <Rigid>False</Rigid>
  </DefaultLink>
  <DefaultNode>
    <Shape Type="RectEdgeRaised" Orientation="so_0" />
    <HighlightChildren>False</HighlightChildren>
  </DefaultNode>
  <Node Index="-1" Left="121" Top="128" Width="66.6666641" Height="34">
    <FillColor>-1</FillColor>
    <Text>PLATE</Text>
    <Tooltip>PLATE</Tooltip>
    <Url>{D92B16ED-E68E-4DD5-B39C-9C58F4006AB0}</Url>
  </Node>
  <Node Index="-1" Left="120" Top="70" Width="66.6666641" Height="26.666666">
    <FillColor>-1</FillColor>
    <Text>TILT</Text>
    <Tooltip>TILT</Tooltip>
    <Url>{515E7B59-6DF9-49CB-95DA-2CC83D5E90CF}</Url>
  </Node>
  <Node Index="-1" Left="113" Top="14" Width="66.6666641" Height="31.3333435">
    <FillColor>-1</FillColor>
    <Text>BASE</Text>
    <Tooltip>BASE</Tooltip>
    <Url>{88709D23-9F05-4C3D-A31E-59F635C3569C}</Url>
  </Node>
</AddFlow>