<?xml version="1.0" encoding="UTF-8"?><emp:TuneDocument xmlns:emp="http://www.tecnomatix.com/empower/schema"><Header><ProcessModelsPrototypes><ProcessModelPrototype ProjectId="PP-ROBOTICS-1-3-2012-15-24-23-0-53384"><ProcessModelID><ExternalID>5920A468-6BF5-4D35-A786-CB3E579A0A35</ExternalID></ProcessModelID><ProcessModelType><Type>Container</Type><Family>ToolPrototype</Family></ProcessModelType><ProcessModelData><Weight>0.000</Weight></ProcessModelData></ProcessModelPrototype><ProcessModelPrototype ProjectId="82B55DA7-F749-4bd0-B200-8C152D8DC00A"><ProcessModelID><ExternalID>2c67ac55-01e5-4b2a-8aac-e5ab1884bdab</ExternalID></ProcessModelID><ProcessModelType><Type>Container</Type><Family>ToolPrototype</Family></ProcessModelType><ProcessModelData><Weight>0.000</Weight></ProcessModelData></ProcessModelPrototype></ProcessModelsPrototypes></Header></emp:TuneDocument>