<?xml version="1.0" encoding="UTF-8"?><emp:TuneDocument xmlns:emp="http://www.tecnomatix.com/empower/schema"><Header><ProcessModelsPrototypes><ProcessModelPrototype ProjectId="PP-ROBOTICS-1-3-2012-15-24-23-0-53384"><ProcessModelID><ExternalID>PP-ROBOTICS-6-3-2012-14-21-33-53384-53869</ExternalID></ProcessModelID><ProcessModelType><Type>Work_Table</Type><Family>ToolPrototype</Family></ProcessModelType><ProcessModelData><Weight>0.000</Weight></ProcessModelData></ProcessModelPrototype><ProcessModelPrototype ProjectId="82B55DA7-F749-4bd0-B200-8C152D8DC00A"><ProcessModelID><ExternalID>16645d39-533e-4705-b6ce-55479b017f5f</ExternalID></ProcessModelID><ProcessModelType><Type>Conveyer</Type><Family>ToolPrototype</Family></ProcessModelType><ProcessModelData><Weight>0.000</Weight></ProcessModelData></ProcessModelPrototype></ProcessModelsPrototypes></Header></emp:TuneDocument>