<?xml version="1.0" encoding="UTF-8"?><emp:TuneDocument xmlns:emp="http://www.tecnomatix.com/empower/schema"><Header><ProcessModelsPrototypes><ProcessModelPrototype ProjectId="PP-ROBOTICS-1-3-2012-15-24-23-0-53384"><ProcessModelID><ExternalID>C9D4A929-B219-4CA1-B7F1-30E3D5E93857</ExternalID></ProcessModelID><ProcessModelType><Type>PmToolPrototype</Type><Family>ToolPrototype</Family></ProcessModelType><ProcessModelData><Weight>0.000</Weight></ProcessModelData></ProcessModelPrototype><ProcessModelPrototype ProjectId="82B55DA7-F749-4bd0-B200-8C152D8DC00A"><ProcessModelID><ExternalID>6f2363ce-e480-4b01-b840-10c8293b19c7</ExternalID></ProcessModelID><ProcessModelType><Type>PmToolPrototype</Type><Family>ToolPrototype</Family></ProcessModelType><ProcessModelData><Weight>0.000</Weight></ProcessModelData></ProcessModelPrototype></ProcessModelsPrototypes></Header></emp:TuneDocument>