<?xml version="1.0" encoding="UTF-8"?><emp:TuneDocument xmlns:emp="http://www.tecnomatix.com/empower/schema"><Header><ProcessModelsPrototypes><ProcessModelPrototype ProjectId="82B55DA7-F749-4bd0-B200-8C152D8DC00A"><ProcessModelID><ExternalID>81D84E56-2802-41DD-8D97-E40621307BAD</ExternalID></ProcessModelID><ProcessModelType><Type>PmToolPrototype</Type><Family>ToolPrototype</Family></ProcessModelType><ProcessModelData><Weight>0.000</Weight></ProcessModelData></ProcessModelPrototype></ProcessModelsPrototypes></Header></emp:TuneDocument>