<root>
  <RobotInfo Date="5/26/2015">
    <Instance Name="ma01800_a00" />
    <Vendor Name="" />
    <Controller Name="default" Version="" />
    <RCS Version="" />
    <ManipulatorType Name="" />
  </RobotInfo>
  <RobotInfo Date="5/26/2015">
    <Instance Name="ma01800_a00" />
    <Vendor Name="" />
    <Controller Name="default" Version="" />
    <RCS Version="" />
    <ManipulatorType Name="" />
  </RobotInfo>
  <RobotInfo Date="3/29/2015">
    <Instance Name="ma01800_a00" />
    <Vendor Name="YASKAWA" />
    <Controller Name="Yaskawa-Inform" Version="" />
    <RCS Version="" />
    <ManipulatorType Name="" />
  </RobotInfo>
  <RobotInfo Date="3/24/2015">
    <Instance Name="ma01800_a00" />
    <Vendor Name="YASKAWA" />
    <Controller Name="Yaskawa-Inform" Version="" />
    <RCS Version="" />
    <ManipulatorType Name="" />
  </RobotInfo>
  <RobotInfo Date="3/23/2015">
    <Instance Name="ma01800_a00" />
    <Vendor Name="YASKAWA" />
    <Controller Name="Yaskawa-Inform" Version="" />
    <RCS Version="" />
    <ManipulatorType Name="" />
  </RobotInfo>
  <RobotInfo Date="3/5/2015">
    <Instance Name="ma01800_a00" />
    <Vendor Name="YASKAWA" />
    <Controller Name="Yaskawa-Inform" Version="" />
    <RCS Version="" />
    <ManipulatorType Name="" />
  </RobotInfo>
  <RobotInfo Date="3/5/2015">
    <Instance Name="ma01800_a00" />
    <Vendor Name="YASKAWA" />
    <Controller Name="Yaskawa-Inform" Version="" />
    <RCS Version="" />
    <ManipulatorType Name="" />
  </RobotInfo>
  <RobotInfo Date="1/13/2015">
    <Instance Name="ma01800_a00" />
    <Vendor Name="YASKAWA" />
    <Controller Name="Yaskawa-Inform" Version="" />
    <RCS Version="" />
    <ManipulatorType Name="" />
  </RobotInfo>
  <RobotInfo Date="1/12/2015">
    <Instance Name="ma01800_a00" />
    <Vendor Name="YASKAWA" />
    <Controller Name="Yaskawa-Inform" Version="" />
    <RCS Version="" />
    <ManipulatorType Name="" />
  </RobotInfo>
  <RobotInfo Date="1/12/2015">
    <Instance Name="ma01800_a00" />
    <Vendor Name="YASKAWA" />
    <Controller Name="Yaskawa-Inform" Version="" />
    <RCS Version="" />
    <ManipulatorType Name="" />
  </RobotInfo>
  <RobotInfo Date="1/12/2015">
    <Instance Name="ma01800_a00" />
    <Vendor Name="YASKAWA" />
    <Controller Name="Yaskawa-Inform" Version="" />
    <RCS Version="" />
    <ManipulatorType Name="" />
  </RobotInfo>
  <RobotInfo Date="12/29/2014">
    <Instance Name="ma01800_a00" />
    <Vendor Name="YASKAWA" />
    <Controller Name="Yaskawa-Inform" Version="DX" />
    <RCS Version="" />
    <ManipulatorType Name="" />
  </RobotInfo>
  <RobotInfo Date="12/24/2014">
    <Instance Name="ma01800_a00" />
    <Vendor Name="YASKAWA" />
    <Controller Name="Yaskawa-Inform" Version="DX" />
    <RCS Version="NX100" />
    <ManipulatorType Name="" />
  </RobotInfo>
  <RobotInfo Date="12/23/2014">
    <Instance Name="ma01800_a00" />
    <Vendor Name="YASKAWA" />
    <Controller Name="Yaskawa-Inform" Version="DX" />
    <RCS Version="" />
    <ManipulatorType Name="" />
  </RobotInfo>
</root>